[
  {
    "id": "/subscriptions/2aa130a7-32bc-4b22-ba65-a7d557ae86e0/resourceGroups/bernard-development/providers/Microsoft.Resources/deployments/microsoft.aks-20210321181125/operations/A16929D343FE763F",
    "operationId": "A16929D343FE763F",
    "properties": {
      "provisioningOperation": "Create",
      "provisioningState": "Succeeded",
      "timestamp": "2021-03-21T14:21:46.6382463Z",
      "duration": "PT3M48.947493S",
      "trackingId": "deefc7d8-3050-4c23-b842-97ce688dc148",
      "serviceRequestId": "6773e8d7-25ff-4939-8c56-cd105c18f3e2",
      "statusCode": "OK",
      "targetResource": {
        "id": "/subscriptions/2aa130a7-32bc-4b22-ba65-a7d557ae86e0/resourceGroups/bernard-development/providers/Microsoft.Resources/deployments/ClusterMonitoringMetricPulisherRoleAssignmentDepl-20210321181522",
        "resourceType": "Microsoft.Resources/deployments",
        "resourceName": "ClusterMonitoringMetricPulisherRoleAssignmentDepl-20210321181522"
      }
    }
  },
  {
    "id": "/subscriptions/2aa130a7-32bc-4b22-ba65-a7d557ae86e0/resourceGroups/bernard-development/providers/Microsoft.Resources/deployments/microsoft.aks-20210321181125/operations/EB3E950B16E6D0F0",
    "operationId": "EB3E950B16E6D0F0",
    "properties": {
      "provisioningOperation": "Create",
      "provisioningState": "Succeeded",
      "timestamp": "2021-03-21T14:21:36.3245786Z",
      "duration": "PT3M38.6338253S",
      "trackingId": "cec4863a-1e0a-402f-a821-15567a3a66b0",
      "serviceRequestId": "a57ceeca-21e1-41de-87fb-c8b891e8f2f8",
      "statusCode": "OK",
      "targetResource": {
        "id": "/subscriptions/2aa130a7-32bc-4b22-ba65-a7d557ae86e0/resourceGroups/bernard-development/providers/Microsoft.ContainerService/managedClusters/theroom",
        "resourceType": "Microsoft.ContainerService/managedClusters",
        "resourceName": "theroom"
      }
    }
  },
  {
    "id": "/subscriptions/2aa130a7-32bc-4b22-ba65-a7d557ae86e0/resourceGroups/bernard-development/providers/Microsoft.Resources/deployments/microsoft.aks-20210321181125/operations/109FBBFAF85AAB13",
    "operationId": "109FBBFAF85AAB13",
    "properties": {
      "provisioningOperation": "Create",
      "provisioningState": "Succeeded",
      "timestamp": "2021-03-21T14:21:27.4555672Z",
      "duration": "PT3M29.7648139S",
      "trackingId": "f6ad7ff9-c8ca-4540-ab26-8a2463b4199a",
      "serviceRequestId": "d60b45c2-6b85-4e12-ab61-25690d3daa4e",
      "statusCode": "OK",
      "targetResource": {
        "id": "/subscriptions/2aa130a7-32bc-4b22-ba65-a7d557ae86e0/resourceGroups/DefaultResourceGroup-EUS/providers/Microsoft.Resources/deployments/SolutionDeployment-20210321181522",
        "resourceType": "Microsoft.Resources/deployments",
        "resourceName": "SolutionDeployment-20210321181522"
      }
    }
  },
  {
    "id": "/subscriptions/2aa130a7-32bc-4b22-ba65-a7d557ae86e0/resourceGroups/bernard-development/providers/Microsoft.Resources/deployments/microsoft.aks-20210321181125/operations/985CC38F78CFDD62",
    "operationId": "985CC38F78CFDD62",
    "properties": {
      "provisioningOperation": "Create",
      "provisioningState": "Succeeded",
      "timestamp": "2021-03-21T14:17:57.5446457Z",
      "duration": "PT1M50.7418361S",
      "trackingId": "75912c27-7aca-4bb3-8017-21d2209bfc12",
      "serviceRequestId": "b318d2c8-c1f9-4140-ab7c-c797e8d744c9",
      "statusCode": "OK",
      "targetResource": {
        "id": "/subscriptions/2aa130a7-32bc-4b22-ba65-a7d557ae86e0/resourceGroups/DefaultResourceGroup-EUS/providers/Microsoft.Resources/deployments/WorkspaceDeployment-20210321181522",
        "resourceType": "Microsoft.Resources/deployments",
        "resourceName": "WorkspaceDeployment-20210321181522"
      }
    }
  },
  {
    "id": "/subscriptions/2aa130a7-32bc-4b22-ba65-a7d557ae86e0/resourceGroups/bernard-development/providers/Microsoft.Resources/deployments/microsoft.aks-20210321181125/operations/08585852707243802272",
    "operationId": "08585852707243802272",
    "properties": {
      "provisioningOperation": "EvaluateDeploymentOutput",
      "provisioningState": "Succeeded",
      "timestamp": "2021-03-21T14:21:46.8122269Z",
      "duration": "PT0.1114303S",
      "trackingId": "d23abc68-265d-4eba-b795-62976045191d",
      "statusCode": "OK"
    }
  }
]