{
  "id": "/subscriptions/2aa130a7-32bc-4b22-ba65-a7d557ae86e0/resourceGroups/bernard-development/providers/Microsoft.Resources/deployments/microsoft.aks-20210321181125",
  "name": "microsoft.aks-20210321181125",
  "type": "Microsoft.Resources/deployments",
  "tags": {
    "primaryResourceId": "/subscriptions/2aa130a7-32bc-4b22-ba65-a7d557ae86e0/resourcegroups/bernard-development/providers/Microsoft.ContainerService/managedClusters/theroom",
    "marketplaceItemId": "microsoft.aks",
    "provisioningHash": "postCreateId"
  },
  "properties": {
    "templateHash": "11270151702722217001",
    "parameters": {
      "resourceName": {
        "type": "String",
        "value": "theroom"
      },
      "location": {
        "type": "String",
        "value": "eastus"
      },
      "dnsPrefix": {
        "type": "String",
        "value": "theroom-dns"
      },
      "osDiskSizeGB": {
        "type": "Int",
        "value": 0
      },
      "kubernetesVersion": {
        "type": "String",
        "value": "1.18.14"
      },
      "networkPlugin": {
        "type": "String",
        "value": "kubenet"
      },
      "enableRBAC": {
        "type": "Bool",
        "value": true
      },
      "vmssNodePool": {
        "type": "Bool",
        "value": true
      },
      "windowsProfile": {
        "type": "Bool",
        "value": false
      },
      "enablePrivateCluster": {
        "type": "Bool",
        "value": false
      },
      "enableHttpApplicationRouting": {
        "type": "Bool",
        "value": false
      },
      "enableAzurePolicy": {
        "type": "Bool",
        "value": false
      },
      "enableOmsAgent": {
        "type": "Bool",
        "value": true
      },
      "workspaceRegion": {
        "type": "String",
        "value": "eastus"
      },
      "workspaceName": {
        "type": "String",
        "value": "DefaultWorkspace-2aa130a7-32bc-4b22-ba65-a7d557ae86e0-EUS"
      },
      "omsWorkspaceId": {
        "type": "String",
        "value": "/subscriptions/2aa130a7-32bc-4b22-ba65-a7d557ae86e0/resourceGroups/DefaultResourceGroup-EUS/providers/Microsoft.OperationalInsights/workspaces/DefaultWorkspace-2aa130a7-32bc-4b22-ba65-a7d557ae86e0-EUS"
      },
      "omsSku": {
        "type": "String",
        "value": "standalone"
      }
    },
    "mode": "Incremental",
    "debugSetting": {
      "detailLevel": "None"
    },
    "provisioningState": "Succeeded",
    "timestamp": "2021-03-21T14:21:46.8464746Z",
    "duration": "PT5M45.7490522S",
    "correlationId": "f6033291-436f-44ac-b538-c0c2225e43b9",
    "providers": [
      {
        "namespace": "Microsoft.ContainerService",
        "resourceTypes": [
          {
            "resourceType": "managedClusters",
            "locations": [
              "eastus"
            ]
          }
        ]
      },
      {
        "namespace": "Microsoft.Resources",
        "resourceTypes": [
          {
            "resourceType": "deployments",
            "locations": [
              null
            ]
          }
        ]
      }
    ],
    "dependencies": [
      {
        "dependsOn": [
          {
            "id": "/subscriptions/2aa130a7-32bc-4b22-ba65-a7d557ae86e0/resourceGroups/DefaultResourceGroup-EUS/providers/Microsoft.Resources/deployments/WorkspaceDeployment-20210321181522",
            "resourceType": "Microsoft.Resources/deployments",
            "resourceName": "WorkspaceDeployment-20210321181522"
          }
        ],
        "id": "/subscriptions/2aa130a7-32bc-4b22-ba65-a7d557ae86e0/resourceGroups/bernard-development/providers/Microsoft.ContainerService/managedClusters/theroom",
        "resourceType": "Microsoft.ContainerService/managedClusters",
        "resourceName": "theroom"
      },
      {
        "dependsOn": [
          {
            "id": "/subscriptions/2aa130a7-32bc-4b22-ba65-a7d557ae86e0/resourceGroups/DefaultResourceGroup-EUS/providers/Microsoft.Resources/deployments/WorkspaceDeployment-20210321181522",
            "resourceType": "Microsoft.Resources/deployments",
            "resourceName": "WorkspaceDeployment-20210321181522"
          }
        ],
        "id": "/subscriptions/2aa130a7-32bc-4b22-ba65-a7d557ae86e0/resourceGroups/DefaultResourceGroup-EUS/providers/Microsoft.Resources/deployments/SolutionDeployment-20210321181522",
        "resourceType": "Microsoft.Resources/deployments",
        "resourceName": "SolutionDeployment-20210321181522"
      },
      {
        "dependsOn": [
          {
            "id": "/subscriptions/2aa130a7-32bc-4b22-ba65-a7d557ae86e0/resourceGroups/bernard-development/providers/Microsoft.ContainerService/managedClusters/theroom",
            "resourceType": "Microsoft.ContainerService/managedClusters",
            "resourceName": "theroom"
          }
        ],
        "id": "/subscriptions/2aa130a7-32bc-4b22-ba65-a7d557ae86e0/resourceGroups/bernard-development/providers/Microsoft.Resources/deployments/ClusterMonitoringMetricPulisherRoleAssignmentDepl-20210321181522",
        "resourceType": "Microsoft.Resources/deployments",
        "resourceName": "ClusterMonitoringMetricPulisherRoleAssignmentDepl-20210321181522"
      }
    ],
    "outputs": {
      "controlPlaneFQDN": {
        "type": "String",
        "value": "theroom-dns-d9a5605b.hcp.eastus.azmk8s.io"
      }
    },
    "outputResources": [
      {
        "id": "/subscriptions/2aa130a7-32bc-4b22-ba65-a7d557ae86e0/resourceGroups/bernard-development/providers/Microsoft.ContainerService/managedClusters/theroom"
      },
      {
        "id": "/subscriptions/2aa130a7-32bc-4b22-ba65-a7d557ae86e0/resourceGroups/bernard-development/providers/Microsoft.ContainerService/managedClusters/theroom/providers/Microsoft.Authorization/roleAssignments/1235b7bf-67c3-4114-9d57-ab6ef254bb73"
      },
      {
        "id": "/subscriptions/2aa130a7-32bc-4b22-ba65-a7d557ae86e0/resourceGroups/DefaultResourceGroup-EUS/providers/Microsoft.OperationalInsights/workspaces/DefaultWorkspace-2aa130a7-32bc-4b22-ba65-a7d557ae86e0-EUS"
      },
      {
        "id": "/subscriptions/2aa130a7-32bc-4b22-ba65-a7d557ae86e0/resourceGroups/DefaultResourceGroup-EUS/providers/Microsoft.OperationsManagement/solutions/ContainerInsights(DefaultWorkspace-2aa130a7-32bc-4b22-ba65-a7d557ae86e0-EUS)"
      }
    ],
    "validationLevel": "Template"
  }
}